motif_id	motif_alt_id	sequence_name	start	stop	strand	score	p-value	q-value	matched_sequence
GTVLSDIIQKYFF	motif_103	Nav1.5	1607	1619	+	50.6372	3.72e-17	1.56e-13	GTVLSDIIQKYFF
GLALSDLIQKYFF	motif_100	Nav1.5	1607	1619	+	29.0265	5.3e-11	2.2e-07	GTVLSDIIQKYFF
VNILAKI	motif_105	Nav1.5	1559	1565	+	26.6	3.69e-09	1.55e-05	VNILAKI
LSDIIQ	motif_104	Nav1.5	1610	1615	+	21.1901	4.52e-08	0.000191	LSDIIQ
LSDLIQ	motif_101	Nav1.5	1610	1615	+	15.2308	2.3e-06	0.0097	LSDIIQ
GLALSDLIQKYFF	motif_100	MYBPC	532	544	+	5.22124	4.24e-06	0.00881	GQALAELIVQEKK
LSDIIQ	motif_104	MYL2	66	71	+	13.8926	5.93e-06	0.0125	IDEMIK
LSSLIQ	motif_102	MYL2	66	71	+	12.6942	1.45e-05	0.0611	IDEMIK
GTVLSDIIQKYFF	motif_103	MYBPC	532	544	+	-1.37168	5.08e-05	0.106	GQALAELIVQEKK
LSDLIQ	motif_101	MYBPC	535	540	+	8.78632	6.01e-05	0.116	LAELIV
LSSLIQ	motif_102	MYBPC	535	540	+	9.75207	7.07e-05	0.149	LAELIV
LSDLIQ	motif_101	MYBPC	822	827	+	8.61538	8.23e-05	0.116	NFDLIQ

# FIMO (Find Individual Motif Occurrences): Version 5.5.9 compiled on Nov 24 2025 at 04:06:59
# The format of this file is described at https://meme-suite.org/meme/doc/fimo-output-format.html#tsv_results.
# fimo --oc results/meme/fimo_flex results/meme/flexible.meme data/raw/sequences.fasta
